Workbook
Name M_MgCl2_6H2O: Salts!$C$13
Name Chloride: Salts!$A$49:$E$50
Name M_NO3: Salts!$C$42
Name Sulfate: Salts!$A$45:$E$46
Name eq_Na: Salts!$D$36
Name M_CaCl2_2H2O: Salts!$C$18
Name eq_Mg: Salts!$D$29
Name MagnesiumSalts: Salts!$A$11:$G$13
Name Sodium: Salts!$A$37:$G$37
Name M_NaHCO3: Salts!$C$7
Name eq_Ca: Salts!$D$27
Name eq_HCO3: Salts!$D$31
Name CalciumSalts: Salts!$A$18:$G$21
Name M_MgSO4_7H2O: Salts!$C$11
Name M_CaCl2_anhyd: Salts!$C$21
Name M_MgCl2_anhyd: Salts!$C$14
Name eq_NO3: Salts!$D$42
Name M_CaSO4_anhyd: Salts!$C$22
Name eq_OH: Salts!$D$39
Name M_MgSO4_anhyd: Salts!$C$15
Name eq_SO4: Salts!$D$44
Name Potassium: Salts!$A$34:$E$34
Name eq_K: Salts!$D$33
Name M_CaCO3: Salts!$C$4
Name concentratesVOL: Concentrates!$B$5
Name Bicarbonates: Salts!$A$7:$G$8
Name eq_Cl: Salts!$D$48
Name M_CaOH2: Salts!$C$20
Name M_CaSO4_2H2O: Salts!$C$19
Name M_MgCl2_2H2O: Salts!$C$12
Name M_Na: Salts!$C$36
Name M_KHCO3: Salts!$C$8

Sheet Concentrates
A1: DIY Water Dropper Concentrates
A2: only edit blue boxes please | B2: (also, please copy this to your own drive and edit from there)
A3: cells with a black corner have notes attached, hover your cursor over them to read them. | F3: Blue cells are inputs. You can change these values.
F4: Green cells are outputs. This is most likely what you're here for.
A5: Dropper Bottle Volume [ml] | B5: 100 | C5: volume of your dropper bottles
A6: Mixing Container Volume [ml] | B6: 1000 | C6: desired volume per batch
A8: CaCl₂ Solution [% (w/w)]: | B8: 100
A10: Number of drops [#] | B10: 100 | C10: Use this to determine the volume/mass of individual drops.
A11: Measured Weight[g] | B11: 3.5 | C11: The more drops you measure, the more accurate this is gonna be. | K11: Large batch size [ml] | M11: 1000
A12: Droplet Weight [g] | B12: =B11/B10 -> 0.035 | H12: Solubility in dropper bottle volume: | K12: ppm per volume for large batch size:
A14: Chemical: | C14: Calcium Chloride | D14: CaCl₂ | K14: 1 drop | L14: 0.25 ml | M14: 0.5 ml | N14: 0.75 ml | O14: 1 ml
A15: Desired ppm (as CaCO3) per drop: | C15: 5 | D15: ="Dissolve "&round(Salts!F18,3)&"g of Calcium Chloride Dihydrate in "&B5&"g distilled H₂O" -> Dissolve 20.984g of Calcium Chloride Dihydrate in 100g distilled H₂O | H15: =IF((round(Salts!$F18,3)/($B$5/100))>=(Salts!$G18*0.8),"Careful, you're approaching the solubility limit of this mineral!","It's gonna be fine!") -> It's gonna be fine! | K15: =round(($B$12*$C16)/$M$11,3) -> 5 | L15: =round((0.25*$C16)/$M$11,1) -> 35.7 | M15: =round((0.5*$C16)/$M$11,1) -> 71.4 | N15: =round((0.75*$C16)/$M$11,1) -> 107.1 | O15: =round((1*$C16)/$M$11,1) -> 142.9
A16: ppm of Concentrate: | C16: =(($B$6/1000)*(C15))/($B$12/1000) -> 142857.14 | D16: ="Dissolve "&round(Salts!F21,3)&"g of Calcium Chloride Anhydrous ⚠️ in "&B5&"g distilled H₂O" -> Dissolve 15.841g of Calcium Chloride Anhydrous ⚠️ in 100g distilled H₂O | H16: =IF((round(Salts!$F21,3)/($B$5/100))>=(Salts!$G21*0.8),"Careful, you're approaching the solubility limit of this mineral!","It's gonna be fine!") -> It's gonna be fine!
D17: ="Dissolve "&'CaCl2 Solution'!C19 &"g of your "&B8&"% Calcium Chloride solution in "&round(B5-'CaCl2 Solution'!C18,3)&"g distilled H₂O" -> Dissolve 15.84g of your 100% Calcium Chloride solution in 92.08g distilled H₂O | H17: -
A20: Chemical: | C20: Magnesium Chloride | D20: MgCl₂ | K20: 1 drop | L20: 0.25 ml | M20: 0.5 ml | N20: 0.75 ml | O20: 1 ml
A21: Desired ppm (as CaCO3) per drop: | C21: 5 | D21: ="Dissolve "&round(Salts!F12,3)&"g of Magnesium Chloride Dihydrate in "&B5&"g distilled H₂O" -> Dissolve 18.733g of Magnesium Chloride Dihydrate in 100g distilled H₂O | H21: =IF((round(Salts!$F12,3)/($B$5/100))>=(Salts!$G12*0.8),"Careful, you're approaching the solubility limit of this mineral!","It's gonna be fine!") -> It's gonna be fine! | K21: =round(($B$12*$C22)/$M$11,3) -> 5 | L21: =round((0.25*$C22)/$M$11,1) -> 35.7 | M21: =round((0.5*$C22)/$M$11,1) -> 71.4 | N21: =round((0.75*$C22)/$M$11,1) -> 107.1 | O21: =round((1*$C22)/$M$11,1) -> 142.9
A22: ppm of Concentrate: | C22: =(($B$6/1000)*(C21))/($B$12/1000) -> 142857.14 | D22: ="Dissolve "&round(Salts!F13,3)&"g of Magnesium Chloride Hexahydrate in "&B5&"g distilled H₂O" -> Dissolve 29.018g of Magnesium Chloride Hexahydrate in 100g distilled H₂O | H22: =IF((round(Salts!$F13,3)/($B$5/100))>=(Salts!$G13*0.8),"Careful, you're approaching the solubility limit of this mineral!","It's gonna be fine!") -> It's gonna be fine!
D23: ="Dissolve "&round(Salts!F14,3)&"g of Magnesium Chloride Anhydrous in "&B5&"g distilled H₂O" -> Dissolve 13.59g of Magnesium Chloride Anhydrous in 100g distilled H₂O | H23: =IF((round(Salts!$F14,3)/($B$5/100))>=(Salts!$G14*0.8),"Careful, you're approaching the solubility limit of this mineral!","It's gonna be fine!") -> It's gonna be fine!
A25: Chemical: | C25: Sodium Bicarbonate | D25: NaHCO₃ | K25: 1 drop | L25: 0.25 ml | M25: 0.5 ml | N25: 0.75 ml | O25: 1 ml
A26: Desired ppm (as CaCO3) per drop: | C26: 5 | D26: ="Dissolve "&round(Salts!F7,3)&"g of Sodium Bicarbonate (bicarb soda) in "&B5&"g distilled H₂O" -> Dissolve 23.981g of Sodium Bicarbonate (bicarb soda) in 100g distilled H₂O | H26: =IF((round(Salts!$F7,3)/($B$5/100))>=(Salts!$G7*0.9),"Careful, you're approaching the solubility limit of this mineral!","It's gonna be fine!") -> Careful, you're approaching the solubility limit of this mineral! | K26: =round(($B$12*$C27)/$M$11,3) -> 5 | L26: =round((0.25*$C27)/$M$11,1) -> 35.7 | M26: =round((0.5*$C27)/$M$11,1) -> 71.4 | N26: =round((0.75*$C27)/$M$11,1) -> 107.1 | O26: =round((1*$C27)/$M$11,1) -> 142.9
A27: ppm of Concentrate: | C27: =(($B$6/1000)*(C26))/($B$12/1000) -> 142857.14
A30: Chemical: | C30: Potassium Bicarbonate | D30: KHCO₃ | K30: 1 drop | L30: 0.25 ml | M30: 0.5 ml | N30: 0.75 ml | O30: 1 ml
A31: Desired ppm (as CaCO3) per drop: | C31: 5 | D31: ="Dissolve "&round(Salts!F8,3)&"g of Potassium Bicarbonate in "&concentratesVOL&"g distilled H₂O" -> Dissolve 28.579g of Potassium Bicarbonate in 100g distilled H₂O | H31: =IF((round(Salts!$F8,3)/($B$5/100))>=(Salts!$G8*0.8),"Careful, you're approaching the solubility limit of this mineral!","It's gonna be fine!") -> Careful, you're approaching the solubility limit of this mineral! | K31: =round(($B$12*$C32)/$M$11,3) -> 5 | L31: =round((0.25*$C32)/$M$11,1) -> 35.7 | M31: =round((0.5*$C32)/$M$11,1) -> 71.4 | N31: =round((0.75*$C32)/$M$11,1) -> 107.1 | O31: =round((1*$C32)/$M$11,1) -> 142.9
A32: ppm of Concentrate: | C32: =(($B$6/1000)*(C31))/($B$12/1000) -> 142857.14
A35: Chemical: | C35: Magnesium Sulfate | D35: MgSO₄ | K35: 1 drop | L35: 0.25 ml | M35: 0.5 ml | N35: 0.75 ml | O35: 1 ml
A36: Desired ppm (as CaCO3) per drop: | C36: 5 | D36: ="Dissolve "&round(Salts!F11,3)&"g of Magnesium Sulfate Heptahydrate (Epsom) in "&concentratesVOL&"g distilled H₂O" -> Dissolve 35.179g of Magnesium Sulfate Heptahydrate (Epsom) in 100g distilled H₂O | H36: =IF((round(Salts!$F11,3)/($B$5/100))>=(Salts!$G11*0.8),"Careful, you're approaching the solubility limit of this mineral!","It's gonna be fine!") -> It's gonna be fine! | K36: =round(($B$12*$C37)/$M$11,3) -> 5 | L36: =round((0.25*$C37)/$M$11,1) -> 35.7 | M36: =round((0.5*$C37)/$M$11,1) -> 71.4 | N36: =round((0.75*$C37)/$M$11,1) -> 107.1 | O36: =round((1*$C37)/$M$11,1) -> 142.9
A37: ppm of Concentrate: | C37: =(($B$6/1000)*(C36))/($B$12/1000) -> 142857.14

Sheet Salts
A1: Name and group | B1: Chemical formula | C1: Molar mass g/mol | D1: CaCO3 molar ratio | E1: % Mass | F1: mass concentrates | G1: solubility
A3: Water | B3: H₂O | C3: 18.01528 | D3: - | G3: -
A4: Calcium Carbonate | B4: CaCO₃ | C4: 100.0869 | D4: =$C$4/C4 -> 1 | G4: 0.0013
A6: Bicarbonate
A7: Sodium Bicarbonate (Bicarb Soda) | B7: NaHCO₃ | C7: 84.0066 | D7: =$C$4/C7 -> 1.1914171 | E7: 0.726334 | F7: =Concentrates!C27*(Concentrates!$B$5/1000)*2/(D7*1000) -> 23.981046 | G7: 9.6
A8: Potassium Bicarbonate | B8: KHCO₃ | C8: 100.1151 | D8: =$C$4/C8 -> 0.99971832 | E8: 0.609467 | F8: =Concentrates!C32*(Concentrates!$B$5/1000)*2/(D8*1000) -> 28.579479 | G8: 22.4
A10: Magnesium salts
A11: Magnesium Sulphate Heptahydrate (Epsom) | B11: MgSO₄ • 7H₂O | C11: 246.47 | D11: =$C$4/C11 -> 0.40608147 | E11: 0.0986 | F11: =Concentrates!C37*(Concentrates!$B$5/1000)/(D11*1000) -> 35.179429 | G11: =round(((C15+7*C3)/C15)*G15,4) -> 71.8729
A12: Magnesium Chloride Dihydrate | B12: MgCl₂ • 2H₂O | C12: 131.2416 | D12: =$C$4/C12 -> 0.76261566 | E12: 0.185193 | F12: =Concentrates!C22*(Concentrates!$B$5/1000)/(D12*1000) -> 18.732521 | G12: =round(((C14+2*C3)/C14)*G14,4) -> 74.8487
A13: Magnesium Chloride Hexahydrate | B13: MgCl₂ • 6H₂O | C13: 203.3027 | D13: =$C$4/C13 -> 0.49230482 | E13: 0.119551 | F13: =Concentrates!C22*(Concentrates!$B$5/1000)/(D13*1000) -> 29.018026 | G13: =round(((C14+6*C3)/C14)*G14,4) -> 115.946
A14: Magnesium Chloride Anhydrous | B14: MgCl₂ | C14: 95.211 | D14: =C4/C14 -> 1.0512115 | E14: 0.255275 | F14: =Concentrates!C22*(Concentrates!$B$5/1000)/(D14*1000) -> 13.589762 | G14: 54.3
A15: Magnesium Sulphate Anhydrous | B15: MgSO₄ | C15: 120.37 | D15: =$C$4/C15 -> 0.83149373 | E15: 0.2019 | G15: 35.1
A17: Calcium Salts
A18: Calcium Chloride Dihydrate | B18: CaCl₂ • 2H₂O | C18: 147.0146 | D18: =$C$4/C18 -> 0.68079565 | E18: 0.272612 | F18: =Concentrates!C16*(Concentrates!$B$5/1000)/(D18*1000) -> 20.983851 | G18: =round(((C21+2*C3)/C21)*G21,4) -> 98.6862
A19: Calcium Sulphate Dihydrate ⚠️ | B19: CaSO₄ • 2H₂O | C19: 172.1712 | D19: =$C$4/C19 -> 0.58132196 | E19: =0.23278 -> 0.23278 | G19: 0.26
A20: Calcium Hydroxide | B20: Ca(OH)₂ | C20: 74.0927 | D20: =$C$4/C20 -> 1.3508335 | E20: 0.540917 | G20: 0.173
A21: Calcium Chloride Anhydrous ⚠️ | B21: CaCl₂ | C21: 110.984 | D21: =C4/C21 -> 0.90181378 | E21: 0.361115 | F21: =Concentrates!C16*(Concentrates!$B$5/1000)/(D21*1000) -> 15.841091 | G21: 74.5
A22: Calcium Sulphate | B22: CaSO₄ | C22: 136.1406 | D22: =$C$4/C22 -> 0.73517305 | E22: 0.294387
A23: Calcium Chloride aqueous solution | B23: CaCl₂ (aq) | E23: =Concentrates!B8/100 -> 1

Sheet CaCl2 Solution
B2: Percentage | C2: =Concentrates!B8 -> 100
B3: molar mass CaCl2 | C3: 110.98 | H3: Density CaCl2 | I3: % w/w | J3: density g/cm3
B4: molar mass H2O | C4: 100.0869 | I4: 5 | J4: 1.04
B5: molar mass ratio: | C5: =C3/C4 -> 1.1088364 | I5: 10 | J5: 1.083
I6: 15 | J6: 1.13
B7: density [g/ml] | C7: =0.0102*C2+0.98 -> 2 | I7: 20 | J7: 1.175
B8: Molarity [mol/L] | C8: =((C2)*(C7*1000))/(C3*100) -> 18.021265 | I8: 25 | J8: 1.228
I9: 30 | J9: 1.282
B10: Solution [mg/L] [ppm] | C10: =(C8*C3)*1000 -> 2000000 | I10: 35 | J10: 1.338
B11: [ppm as CaCO3] | C11: =C10/C5 -> 1803692.6 | I11: 40 | J11: 1.395
B18: Volume | C18: =round(((Concentrates!B5*Concentrates!C16)/'CaCl2 Solution'!C11),2) -> 7.92
B19: Mass | C19: =round(((Concentrates!B5*Concentrates!C16)/'CaCl2 Solution'!C11)*'CaCl2 Solution'!C7,2) -> 15.84

Sheet Copy of CaCl2 Solution
B2: Percentage | C2: 100
B3: molar mass CaCl2 | C3: 110.98 | H3: Density CaCl2 | I3: % w/w | J3: density g/cm3
B4: molar mass H2O | C4: 100.0869 | I4: 5 | J4: 1.04
B5: molar mass ratio: | C5: =C3/C4 -> 1.1088364 | I5: 10 | J5: 1.083
I6: 15 | J6: 1.13
B7: density [g/ml] | C7: =0.0102*C2+0.98 -> 2 | I7: 20 | J7: 1.175
B8: Molarity [mol/L] | C8: =((C2)*(C7*1000))/(C3*100) -> 18.021265 | I8: 25 | J8: 1.228
I9: 30 | J9: 1.282
B10: Solution [mg/L] [ppm] | C10: =(C8*C3)*1000 -> 2000000 | I10: 35 | J10: 1.338
B11: [ppm as CaCO3] | C11: =C10/C5 -> 1803692.6 | I11: 40 | J11: 1.395
B18: Volume | C18: =round(((Concentrates!B5*Concentrates!C16)/'Copy of CaCl2 Solution'!C11),2) -> 7.92
B19: Mass | C19: =round(((Concentrates!B5*Concentrates!C16)/'Copy of CaCl2 Solution'!C11)*'Copy of CaCl2 Solution'!C7,2) -> 15.84
